make,line,style,model,year,edition,power_engine,power_displacement,power_bore_x_stroke,power_compression_ratio,power_maximum_horsepower,power_maximum_torque,power_fuel_system,power_ignition,power_transmission,power_final_drive,power_electronic_rider_aids,performance_front_suspension__wheel_travel,performance_rear_suspension__wheel_travel,performance_front_tire,performance_rear_tire,performance_front_brakes,performance_rear_brakes,details_frame_type,details_raketrail,details_overall_length,details_overall_width,details_overall_height,details_ground_clearance,details_seat_height,details_dry_weight,details_curb_weight,details_fuel_capacity,details_wheelbase,details_special_features,details_color_choices
Kawasaki,ninja,sport,ninja-500,2025,ninja-500,"4-stroke, Parallel Twin, DOHC, liquid-cooled",451cc,70.0 x 58.6mm,11.3:1,"51.0 hp¹ @ 10,000 rpm","31.7 lb-ft @ 7,500 rpm",DFI® with dual 32mm throttle bodies,TCBI with Digital Advance,6-speed,Sealed chain,"Economical Riding Indicator, Anti-lock Brake System (ABS only)",41mm hydraulic telescopic fork/4.7 in,Horizontal back-link with adjustable spring preload/5.1 in,110/70-17,150/60-17,Single 310mm semi-floating disc with 2-piston calipers (and ABS),Single 220mm disc with single-piston caliper (and ABS),"Trellis, high-tensile steel",24.5°/3.6 in,78.5 in,28.7 in,44.1 in,5.7 in,30.9 in,"344.0 lb** (ABS) / 346.2 lb** (ABS) 50-State Model, 339.6 lb** (non-ABS) / 341.8 lb** (non-ABS) 50-State Model","374.9 lb*(ABS) / 377.1 lb* (ABS) 50-State Model, 370.4 lb* (non-ABS) / 372.6 lb* (non-ABS) 50-State Model",3.7 gal,54.1 in,"ERGO-FIT®, LCD Instrumentation with Smartphone Connectivity via RIDEOLOGY THE APP","Metallic Matte Whitish Silver/Metallic Moondust Gray, Passion Red/Metallic Flat Spark Black/Metallic Matte Dark Gray, Metallic Flat Spark Black/Metallic Spark Black/Metallic Moondust Gray"
Kawasaki,ninja,sport,ninja-500,2025,ninja-500-krt-edition,"4-stroke, Parallel Twin, DOHC, liquid-cooled",451cc,70.0 x 58.6mm,11.3:1,"51.0 hp¹ @ 10,000 rpm","31.7 lb-ft @ 7,500 rpm",DFI® with dual 32mm throttle bodies,TCBI with Digital Advance,6-speed,Sealed chain,Economical Riding Indicator,41mm hydraulic telescopic fork/4.7 in,Horizontal back-link with adjustable spring preload/5.1 in,110/70-17,150/60-17,Single 310mm semi-floating disc with 2-piston calipers,Single 220mm disc with single-piston caliper,"Trellis, high-tensile steel",24.7°/3.6 in,78.5 in,28.7 in,44.1 in,5.7 in,30.9 in,339.6 lb** / 341.8 lb** 50-State Model,370.4 lb* / 372.6 lb* 50-State Model,3.7 gal,54.1 in,"ERGO-FIT®, LCD Instrumentation with Smartphone Connectivity via RIDEOLOGY THE APP",Lime Green/Ebony/Pearl Blizzard White
Kawasaki,ninja,sport,ninja-500,2025,ninja-500-se-abs,"4-stroke, Parallel Twin, DOHC, liquid-cooled",451cc,70.0 x 58.6mm,11.3:1,"51.0 hp¹ @ 10,000 rpm","31.7 lb-ft @ 7,500 rpm",DFI® with dual 32mm throttle bodies,TCBI with Digital Advance,6-speed,Sealed chain,"Economical Riding Indicator, Anti-lock Brake System (ABS)",41mm hydraulic telescopic fork/4.7 in,Horizontal back-link with adjustable spring preload/5.1 in,110/70-17,150/60-17,Single 310mm semi-floating disc with 2-piston calipers and ABS,Single 220mm disc with single-piston caliper and ABS,"Trellis, high-tensile steel",24.7°/3.6 in,78.5 in,28.7 in,46.5 in,5.7 in,30.9 in,348.4 lb** / 350.6 lb** 50-State Model,379.3 lb* / 381.5 lb* 50-State Model,3.7 gal,54.1 in,"ERGO-FIT®, Full-color TFT Instrumentation with Smartphone Connectivity via RIDEOLOGY THE APP, Kawasaki's Intelligent Proximity Activation Start System (KIPASS), USB-C outlet","Metallic Flat Spark Black/Metallic Spark Black/Metallic Moondust Gray, Passion Red/Metallic Flat Spark Black/Metallic Matte Dark Gray"
Kawasaki,ninja,sport,ninja-500,2025,ninja-500-se-krt-edition-abs,"4-stroke, Parallel Twin, DOHC, liquid-cooled",451cc,70.0 x 58.6mm,11.3:1,"51.0 hp¹ @ 10,000 rpm","31.7 lb-ft @ 7,500 rpm",DFI® with dual 32mm throttle bodies,TCBI with Digital Advance,6-speed,Sealed chain,"Economical Riding Indicator, Anti-lock Brake System (ABS)",41mm hydraulic telescopic fork/4.7 in,Horizontal back-link with adjustable spring preload/5.1 in,110/70-17,150/60-17,Single 310mm semi-floating disc with 2-piston calipers and ABS,Single 220mm disc with single-piston caliper and ABS,"Trellis, high-tensile steel",24.7°/3.6 in,78.5 in,28.7 in,46.5 in,5.7 in,30.9 in,348.4 lb** / 350.6 lb** 50-State Model,379.3 lb* / 381.5 lb* 50-State Model,3.7 gal,54.1 in,"ERGO-FIT®, Full-color TFT Instrumentation with Smartphone Connectivity via RIDEOLOGY THE APP, Kawasaki's Intelligent Proximity Activation Start System (KIPASS), USB-C outlet",Lime Green/Ebony/Pearl Blizzard White
Kawasaki,ninja,sport,ninja-500,2024,ninja-500-se-40th-anniversary-edition-abs,"4-stroke, Parallel Twin, DOHC, liquid-cooled",451cc,70.0 x 58.6mm,11.3:1,"51.0 hp¹ @ 10,000 rpm","31.7 lb-ft @ 7,500 rpm",DFI® with dual 32mm throttle bodies,TCBI with Digital Advance,6-speed,Sealed chain,"Economical Riding Indicator, Anti-lock Brake System (ABS)",41mm hydraulic telescopic fork/4.7 in,Horizontal back-link with adjustable spring preload/5.1 in,110/70-17,150/60-17,Single 310mm semi-floating disc with 2-piston calipers and ABS,Single 220mm disc with single-piston caliper and ABS,"Trellis, high-tensile steel",24.7°/3.6 in,78.5 in,28.7 in,46.5 in,5.7 in,30.9 in,348.4 lb** / 350.6 lb** 50-State Model,379.3 lb* / 381.5 lb* 50-State Model,3.7 gal,54.1 in,"ERGO-FIT®, Full-color TFT Instrumentation with Smartphone Connectivity via RIDEOLOGY THE APP, Kawasaki's Intelligent Proximity Activation Start System (KIPASS), USB-C outlet",Lime Green/Pearl Crystal White/Blue
Kawasaki,ninja,sport,ninja-650,2025,ninja-650,"4-stroke, parallel twin, DOHC, 8-valve, liquid cooled",649cc,83.0 x 60.0mm,10.8:1,"67.0 hp¹ @ 8,000 rpm","48.5 lb-ft @ 6,700 rpm",DFI® with dual 36mm Keihin throttle bodies,TCBI with Electronic Advance,6-speed,Sealed chain,"Kawasaki TRaction Control (KTRC), Anti-lock Brake System (ABS only)",41mm hydraulic telescopic fork/4.9 in,Horizontal back-link with adjustable spring preload/5.1 in,120/70 x 17,160/60 x 17,Dual 300mm petal-type discs and 2-piston calipers (and ABS),Single 220mm petal-type disc and single-piston caliper (and ABS),"Trellis, high-tensile steel",24.0°/3.9 in,80.9 in,29.1 in,45.1 in,5.1 in,31.1 in,,"423.4 lb* (ABS), 421.2 lb* (non-ABS)",4.0 gal,55.5 in,,"Candy Steel Furnace Orange/Metallic Spark Black/Metallic Royal Purple, Metallic Matte Old School Green/Metallic Spark Black, Metallic Spark Black/Metalic Flat Spark Black"
Kawasaki,ninja,sport,ninja-650,2025,ninja-650-krt-edition,"4-stroke, parallel twin, DOHC, 8-valve, liquid cooled",649cc,83.0 x 60.0mm,10.8:1,"67.0 hp¹ @ 8,000 rpm","48.5 lb-ft @ 6,700 rpm",DFI® with dual 36mm Keihin throttle bodies,TCBI with electronic advance,6-speed,Sealed chain,"Kawasaki TRaction Control (KTRC), Anti-lock Brake System (ABS only)",41mm hydraulic telescopic fork/4.9 in,Horizontal back-link with adjustable spring preload/5.1 in,120/70 x 17,160/60 x 17,Dual 300mm petal-type discs and 2-piston calipers and ABS,Single 220mm petal-type disc and single-piston caliper and ABS,"Trellis, high-tensile steel",24.0°/3.9 in,80.9 in,29.1 in,45.1 in,5.1 in,31.1 in,,423.4 lb*,4.0 gal,55.5 in,,Lime Green/Ebony/Pearl Blizzard White
Kawasaki,ninja,sport,ninja-1000-abs,2024,ninja-1000sx-abs,"4-stroke, In-Line Four, DOHC, 16-valve, liquid-cooled","1,043cc",77.0 x 56.0mm,11.8:1,,,DFI® with 38mm Keihin throttle bodies (4) and oval sub-throttles,TCBI with Digital Advance,"6-speed, return shift",Sealed chain,"Economical Riding Indicator, Electronic Cruise Control, Kawasaki TRaction Control (KTRC), Kawasaki Intelligent anti-lock Brake System (KIBS), Power Modes, Kawasaki Cornering Management Function (KCMF), Kawasaki Quick Shifter (KQS) (Up-Down), IMU-Enhanced Chassis Orientation Awareness","41mm inverted cartridge fork with stepless compression and rebound damping, adjustable spring preload/4.7 in","Horizontal back-link with stepless rebound damping, remotely adjustable spring preload/5.7 in",120/70 ZR17,190/50 ZR17,"Dual 300mm discs with radial-mount 4-piston monobloc calipers, Kawasaki Intelligent anti-lock Brake System (KIBS)","Single 250mm disc with single-piston caliper, Kawasaki Intelligent anti-lock Brake System (KIBS)",Aluminum backbone,24.0°/3.9 in,82.7 in,32.5 in,46.9 / 48.2 (windshield High) in,5.3 in,32.3 in,,513.8 lb* / 516.0 lb* 50-State Model,5.0 gal,56.7 in,,Metallic Matte Graphite Gray/Metallic Diablo Black
Kawasaki,ninja,sport,ninja-1100sx,2025,ninja-1100sx-abs,"4-stroke, in-line 4-cylinder, DOHC, 16-valve, liquid-cooled","1,099cc",77.0 x 59.0mm,11.8:1,"134.0 hp¹  @ 9,000 rpm","83.2 lb-ft @ 7,600 rpm",DFI® with 38mm Electronic Throttle Valves,TCBI with Digital Advance,"6-speed, return shift with wet multi-disc manual Assist & Slipper Clutch",Sealed chain,"Economical Riding Indicator, Electronic Cruise Control, Kawasaki TRaction Control (KTRC), Kawasaki Intelligent anti-lock Brake System (KIBS), Anti-lock Brake System (ABS), Power Modes, Kawasaki Cornering Management Function (KCMF), Kawasaki Quick Shifter (KQS), IMU-Enhanced Chassis Orientation Awareness","41mm inverted telescopic Showa fork with compression and rebound damping, adjustable spring preload/4.7 in","Horizontal back-link, gas-charged rear shock with rebound damping, remotely adjustable spring preload/5.6 in",120/70-17,190/50-17,"Dual 300mm discs with radial-mount 4-piston monobloc calipers, Kawasaki Intelligent anti-lock Brake System (KIBS)","Single 260mm disc with single-piston caliper, Kawasaki Intelligent anti-lock Brake System (KIBS)",Twin-spar aluminum,24.0°/3.9 in,82.7 in,31.7 in,46.9 in/48.2 in w/ windshield high,5.3 in,32.3 in,471.9 lb**,518.2 lb*,5.0 gal,56.7 in,"4.3"" All-digital TFT Instrumentation, All-LED lighting, USB Type-C outlet, Smartphone Connectivity with Voice Command via RIDEOLOGY THE APP MOTORCYCLE",Metallic Carbon Gray/Metallic Diablo Black
Kawasaki,ninja,sport,ninja-1100sx,2025,ninja-1100sx-se-abs,"4-stroke, in-line 4-cylinder, DOHC, 16-valve, liquid-cooled","1,099cc",77.0 x 59.0mm,11.8:1,"134.0 hp¹  @ 9,000 rpm","83.2 lb-ft @ 7,600 rpm",DFI® with 38mm Electronic Throttle Valves,TCBI with Digital Advance,"6-speed, return shift with wet multi-disc manual Assist & Slipper Clutch",Sealed chain,"Economical Riding Indicator, Electronic Cruise Control, Kawasaki TRaction Control (KTRC), Kawasaki Intelligent anti-lock Brake System (KIBS), Anti-lock Brake System (ABS), Power Modes, Kawasaki Cornering Management Function (KCMF), Kawasaki Quick Shifter (KQS), IMU-Enhanced Chassis Orientation Awareness","41mm inverted telescopic Showa fork with compression and rebound damping, adjustable spring preload/4.7 in","Horizontal back-link, Öhlins S46 gas-charged rear shock with rebound damping, remotely adjustable spring preload/5.6 in",120/70-17,190/50-17,"Dual 300mm discs with radial-mount 4-piston Brembo M4.32 monobloc calipers, Kawasaki Intelligent anti-lock Brake System (KIBS)","Single 260mm disc with single-piston caliper, Kawasaki Intelligent anti-lock Brake System (KIBS)",Twin-spar aluminum,24.0°/3.9 in,82.7 in,31.7 in,46.9 in/48.2 in w/ windshield high,5.3 in,32.3 in,469.7 lb**,516.0 lb*,5.0 gal,56.7 in,"4.3"" All-digital TFT Instrumentation, All-LED lighting, USB Type-C outlet, Grip heaters, Smartphone Connectivity with Voice Command via RIDEOLOGY THE APP MOTORCYCLE",Emerald Blazed Green/Metallic Diablo Black
Kawasaki,ninja,supersport,ninja-zx-4r,2025,ninja-zx-4r,"4-stroke, in-line 4-cylinder, DOHC, 16-valve, liquid-cooled",399cc,57.0 x 39.1mm,12.3:1,"56.0 hp¹ @ 11,500 rpm","26.5 lb-ft @ 11,000 rpm",DFI® with 34mm throttle valves (4),TCBI with Digital Advance,"6-speed, return shift",Chain,"Economical Riding Indicator, Kawasaki TRaction Control (KTRC) (3-mode), Power Modes, Anti-lock Brake System (ABS)",37mm inverted Showa fork with SFF-BP internals/4.7 in,"Horizontal back-link, Showa shock w/ adjustable spring preload/4.4 in",110/70-17,160/60-17,Dual 290mm semi-floating discs with radial-mount 4-piston monobloc caliper and ABS,Single 220mm disc with single-piston caliper and ABS,"Trellis, high-tensile steel",23.5°/3.8 in,78.3 in,30.1 in,43.7 in,5.3 in,31.5 in,,414.5 lb*,4.0 gal,54.3 in,"4.3"" Full-color TFT Instrumentation, Smartphone Connectivity via RIDEOLOGY THE APP",Metallic Spark Black
Kawasaki,ninja,supersport,ninja-zx-4r,2025,ninja-zx-4rr-abs,"4-stroke, in-line 4-cylinder, DOHC, 16-valve, liquid-cooled",399cc,57.0 x 39.1mm,12.3:1,"56.0 hp¹ @ 11,500 rpm","26.5 lb-ft @ 11,000 rpm",DFI® with 34mm throttle valves (4),TCBI with Digital Advance,"6-speed, return shift",Chain,"Economical Riding Indicator, Kawasaki TRaction Control (KTRC) (3-mode), Kawasaki Quick Shifter (KQS) (dual direction), Power Modes, Anti-lock Brake System (ABS)",37mm inverted Showa fork with SFF-BP internals and spring preload adjustability/4.7 in,"Horizontal back-link, Showa BFRC lite gas-charged shock w/ piggyback reservoir, adjustable compression, rebound and spring preload/4.9 in",110/70-17,160/60-17,Dual 290mm semi-floating discs with radial-mount 4-piston monobloc caliper and ABS,Single 220mm disc with single-piston caliper and ABS,"Trellis, high-tensile steel",23.5°/3.8 in,78.3 in,30.1 in,43.7 in,5.3 in,31.5 in,,414.5 lb*,4.0 gal,54.3 in,"4.3"" Full-color TFT Instrumentation, Smartphone Connectivity via RIDEOLOGY THE APP",Metallic Matte Whitish Silver/Metallic Flat Spark Black
Kawasaki,ninja,supersport,ninja-zx-4r,2025,ninja-zx-4rr-krt-edition-abs,"4-stroke, in-line 4-cylinder, DOHC, 16-valve, liquid-cooled",399cc,57.0 x 39.1mm,12.3:1,"56.0 hp¹ @ 11,500 rpm","26.5 lb-ft @ 11,000 rpm",DFI® with 34mm throttle valves (4),TCBI with Digital Advance,"6-speed, return shift",Chain,"Economical Riding Indicator, Kawasaki TRaction Control (KTRC) (3-mode), Kawasaki Quick Shifter (KQS) (dual direction), Power Modes, Anti-lock Brake System (ABS)",37mm inverted Showa fork with SFF-BP internals and spring preload adjustability/4.7 in,"Horizontal back-link, Showa BFRC lite gas-charged shock w/ piggyback reservoir, adjustable compression, rebound and spring preload/4.9 in",110/70-17,160/60-17,Dual 290mm semi-floating discs with radial-mount 4-piston monobloc caliper and ABS,Single 220mm disc with single-piston caliper and ABS,"Trellis, high-tensile steel",23.5°/3.8 in,78.3 in,30.1 in,43.7 in,5.3 in,31.5 in,,414.5 lb*,4.0 gal,54.3 in,"4.3"" Full-color TFT Instrumentation, Smartphone Connectivity via RIDEOLOGY THE APP",Lime Green/Ebony/Pearl Blizzard White
Kawasaki,ninja,supersport,ninja-zx-4r,2024,ninja-zx-4rr-40th-Anniversary-Edition-ABS,"4-stroke, In-Line Four, OHC, 16-valve, liquid-cooled",399cc,57.0 x 39.1mm,12.3:1,,,DFI® with 34mm throttle valves (4),Digital,"6-speed, manual, return shift",Chain,"Kawasaki TRaction Control (KTRC) (3-mode), Kawasaki Quick Shifter (KQS) (dual direction), Economical Riding Indicator, Power Modes, Anti-lock Brake System (ABS)",37mm inverted fork with SFF-BP internals and spring preload adjustability/4.7 in,"Horizontal Back-link, BFRC lite gas charged shock w/ piggyback reservoir, adjustable compression, rebound and spring preload/4.9 in",110/70 - 17,160/60-17,"Dual 290mm discs, ABS","Single 220mm disc, ABS","Trellis, high-tensile steel",23.5°/3.8 in,78.3 in,30.1 in,43.7 in,5.3 in,31.5 in,,414.5 lb*,4.0 gal,54.3 in,"4.3"" Full-Color TFT Instrumentation, Smartphone Connectivity via RIDEOLOGY THE APP",Lime Green/Pearl Crystal White/Blue
Kawasaki,ninja,supersport,ninja-zx-6r,2025,ninja-zx-6r,"4-stroke, in-line 4-cylinder, DOHC, 16-valve, liquid-cooled",636cc,67.0 x 45.1mm,12.9:1,"127.0 hp¹ @ 13,000 rpm","52.1 lb-ft @ 10,800 rpm",DFI® with 38mm Keihin throttle bodies (4) and oval sub-throttles,TCBI with electronic advance,"6-speed, return shift",Sealed chain,"Kawasaki Traction Control (KTRC), Power Modes (Full/Low), Kawasaki Intelligent anti-lock Brake System (KIBS) (ABS only), Kawasaki Quick Shifter (KQS) (upshift only)","41mm inverted fork Showa Separate Function Big Piston Fork (SFF-BP) with rebound and compression damping and spring preload adjustability, and top-out springs/4.7 in","Bottom-link Uni-Trak® with single shock, stepless compression damping adjustment, stepless adjustable rebound damping, fully adjustable spring preload/5.9 in",120/70 ZR17,180/55 ZR17,"Dual semi-floating 310mm discs with dual radial-mounted, monobloc, opposed 4-piston caliper, Kawasaki Intelligent anti-lock Brake System (KIBS) (ABS only)","Single 220mm petal discs with single-piston caliper, Kawasaki Intelligent anti-lock Brake System (KIBS) (ABS only)",Aluminum perimeter,23.5°/4.0 in,79.7 in,28.0 in,43.3 in,5.1 in,32.7 in,,"436.6 lb* (ABS), 432.2 lb* (non-ABS) 50-State Model, 434.4 lb* (ABS), 430.0 lb* (non-ABS) 49-State Model",4.5 gal,55.1 in,"4.3"" Full-Color TFT Instrumentation, Smartphone Connectivity via RIDEOLOGY THE APP","Pearl Robotic White/Metallic Graphite Gray, Metallic Matte Dark Gray/Ebony"
Kawasaki,ninja,supersport,ninja-zx-6r,2025,ninja-zx-6r-krt-edition,"4-stroke, in-line 4-cylinder, DOHC, 16-valve, liquid-cooled",636cc,67.0 x 45.1mm,12.9:1,"127.0 hp¹ @ 13,000 rpm","52.1 lb-ft @ 10,800 rpm",DFI® with 38mm Keihin throttle bodies (4) and oval sub-throttles,TCBI with electronic advance,"6-speed, return shift",Sealed chain,"Kawasaki Traction Control (KTRC), Power Modes (Full/Low), Kawasaki Intelligent anti-lock Brake System (KIBS) (ABS only), Kawasaki Quick Shifter (KQS) (upshift only)","41mm inverted fork Showa Separate Function Big Piston Fork (SFF-BP) with rebound and compression damping and spring preload adjustability, and top-out springs/4.7 in","Bottom-link Uni-Trak® with single shock, stepless compression damping adjustment, stepless adjustable rebound damping, fully adjustable spring preload/5.9 in",120/70 ZR17,180/55 ZR17,"Dual semi-floating 310mm discs with dual radial-mounted, monobloc, opposed 4-piston caliper, Kawasaki Intelligent anti-lock Brake System (KIBS) (ABS only)","Single 220mm petal discs with single-piston caliper, Kawasaki Intelligent anti-lock Brake System (KIBS) (ABS only)",Aluminum perimeter,23.5°/4.0 in,79.7 in,28.0 in,43.3 in,5.1 in,32.7 in,,"436.6 lb* (ABS), 432.2 lb* (non-ABS) 50-State Model, 434.4 lb* (ABS), 430.0 lb* (non-ABS) 49-State Model",4.5 gal,55.1 in,"4.3"" Full-Color TFT Instrumentation, Smartphone Connectivity via RIDEOLOGY THE APP",Lime Green/Ebony/Pearl Blizzard White
Kawasaki,ninja,supersport,ninja-zx-6r,2024,ninja-zx-6r-40th-Anniversary-Edition-ABS,"4-stroke, In-Line Four, DOHC, 16-valve, liquid-cooled",636cc,67.0 x 45.1mm,12.9:1,,,DFI® with 38mm Keihin throttle bodies (4) and oval sub-throttles,TCBI with Electronic Advance,"6-speed, return shift",Sealed chain,"Kawasaki TRaction Control (KTRC), Power Modes (Full/Low), Kawasaki Intelligent anti-lock Brake System (KIBS), Kawasaki Quick Shifter (KQS) (upshift only)","41mm inverted fork (SFF-BP) with rebound and compression damping and spring preload adjustability, and top-out springs /4.7 in","Bottom-link Uni-Trak® with gas-charged shock, stepless compression damping adjustment, stepless adjustable rebound damping, fully adjustable spring preload/5.9 in",120/70 ZR17,180/55 ZR17,"Dual semi-floating 310mm discs with dual radial-mounted, monobloc, opposed 4-piston caliper, Kawasaki Intelligent anti-lock Brake System (KIBS)","Single 220mm petal discs with single-piston caliper, Kawasaki Intelligent anti-lock Brake System (KIBS)",Aluminum perimeter,23.5°/4.0 in,79.7 in,28.0 in,43.3 in,5.1 in,32.7 in,,"434.4 lb* 49-State Model, 436.6 lb* 50-State Model",4.5 gal,55.1 in,"4.3"" Full-Color TFT Instrumentation, Smartphone Connectivity via RIDEOLOGY THE APP",Lime Green/Pearl Crystal White/Blue
Kawasaki,ninja,supersport,ninja-zx-10r,2025,ninja-zx-10r,"4-stroke, in-line 4-cylinder, DOHC, 16-valve, liquid-cooled",998cc,76.0 x 55.0mm,13.0:1,"196.0 hp¹ @ 11,500 rpm","83.9 lb-ft @ 11,300 rpm","DFI®, 47mm throttle bodies",TCBI with electronic advance,6-speed,Sealed chain,"Öhlins Electronic Steering Damper, Electronic Cruise Control, Kawasaki Launch Control Mode (KLCM), Kawasaki Intelligent anti-lock Brake System (KIBS) (ABS only), Sport-Kawasaki TRaction Control (S-KTRC), Kawasaki Engine Braking Control, Kawasaki Quick Shifter (KQS) (upshift & downshift), Kawasaki Corner Management Function (KCMF)","43mm inverted Showa Balance Free Fork (BFF), adjustable stepless rebound and compression damping, spring preload adjustability/4.7 in","Horizontal back-link with Showa Balance Free Rear Cushion (BFRC) lite shock, stepless, dual-range (low-/high-speed) compression damping, stepless rebound damping, fully adjustable spring preload/4.5 in",120/70 ZR17,190/55 ZR17,"Brembo dual semi-floating 330mm discs with dual radial mounted monobloc 4-piston calipers, Kawasaki Intelligent anti-lock Brake System (KIBS) (ABS only)","Single 220mm disc with aluminum single-piston caliper, Kawasaki Intelligent anti-lock Brake System (KIBS) (ABS only)",Aluminum perimeter,25.0°/4.1 in,82.1 in,29.5 in,46.7 in,5.3 in,32.9 in,,"456.4 lb* (ABS), 452.0 lb* (non-ABS)",4.5 gal,57.1 in,"4.3"" Full-Color TFT Instrumentation, Smartphone Connectivity via RIDEOLOGY THE APP",Metallic Flat Spark Black/Ebony
Kawasaki,ninja,supersport,ninja-zx-10r,2025,ninja-zx-10r-krt-edition,"4-stroke, in-line 4-cylinder, DOHC, 16-valve, liquid-cooled",998cc,76.0 x 55.0mm,13.0:1,"196.0 hp¹ @ 11,500 rpm","83.9 lb-ft @ 11,300 rpm","DFI®, 47mm throttle bodies",TCBI with electronic advance,6-speed,Sealed chain,"Öhlins Electronic Steering Damper, Electronic Cruise Control, Kawasaki Launch Control Mode (KLCM), Kawasaki Intelligent anti-lock Brake System (KIBS) (ABS only), Sport-Kawasaki TRaction Control (S-KTRC), Kawasaki Engine Braking Control, Kawasaki Quick Shifter (KQS) (upshift & downshift), Kawasaki Corner Management Function (KCMF)","43mm inverted Showa Balance Free Fork (BFF), adjustable stepless rebound and compression damping, spring preload adjustability/4.7 in","Horizontal back-link with Showa Balance Free Rear Cushion (BFRC) lite shock, stepless, dual-range (low-/high-speed) compression damping, stepless rebound damping, fully adjustable spring preload/4.5 in",120/70 ZR17,190/55 ZR17,"Brembo dual semi-floating 330mm discs with dual radial mounted monobloc 4-piston calipers, Kawasaki Intelligent anti-lock Brake System (KIBS) (ABS only)","Single 220mm disc with aluminum single-piston caliper, Kawasaki Intelligent anti-lock Brake System (KIBS) (ABS only)",Aluminum perimeter,25.0°/4.1 in,82.1 in,29.5 in,46.7 in,5.3 in,32.9 in,,"456.4 lb* (ABS), 452.0 lb* (non-ABS)",4.5 gal,57.1 in,"4.3"" Full-Color TFT Instrumentation, Smartphone Connectivity via RIDEOLOGY THE APP",Lime Green/Ebony/Pearl Blizzard White
Kawasaki,ninja,supersport,ninja-zx-10r,2025,ninja-zx-10rr-abs,"4-stroke, in-line 4-cylinder, DOHC, 16-valve, liquid-cooled",998cc,76.0 x 55.0mm,13.0:1,"188.0 hp¹ @ 11,500 rpm","81.7 lb-ft @ 11,500 rpm","DFI®, 47mm throttle bodies and Variable Air Intake System (VAI)",TCBI with digital advance,"6-speed, return shift",Sealed chain,"Öhlins Electronic Steering Damper, Kawasaki Launch Control Mode (KLCM), Kawasaki Intelligent anti-lock Brake System (KIBS), Sport-Kawasaki TRaction Control (S-KTRC), Kawasaki Engine Braking Control, Kawasaki Quick Shifter (KQS) (upshift & downshift), Kawasaki Corner Management Function (KCMF), Power Modes (Full/Mid/Low)","43mm inverted Showa Balance Free Fork (BFF), adjustable stepless rebound and compression damping, spring preload adjustability/4.7 in","Horizontal back-link with Showa Balance Free Rear Cushion (BFRC) lite shock, stepless, dual-range (low-/high-speed) compression damping, stepless rebound damping, fully adjustable spring preload/4.5 in",120/70 ZR17,190/55 ZR17,"Brembo dual semi-floating 330mm discs with dual radial mounted monobloc 4-piston calipers, Kawasaki Intelligent anti-lock Brake System (KIBS)","Single 220mm disc with aluminum single-piston caliper, Kawasaki Intelligent anti-lock Brake System (KIBS)",Aluminum perimeter,25.0°/4.1 in,82.1 in,29.5 in,46.7 in,5.3 in,32.9 in,,456.4 lb*,4.5 gal,57.1 in,"4.3"" Full-Color TFT Instrumentation, Smartphone Connectivity via RIDEOLOGY THE APP",Metallic Matte Graphenesteel Gray
Kawasaki,ninja,supersport,ninja-zx-10r,2024,ninja-zx-10r-40th-Anniversary-Edition-ABS,"4-stroke, In-Line Four, DOHC, 16-valve, liquid-cooled",998cc,76.0 x 55.0mm,13.0:1,,,DFI® with 47mm throttle bodies,TCBI with Digital Advance,"6-speed, return shift",Sealed chain,"Öhlins Electronic Steering Damper, Electronic Cruise Control, Power Modes, Kawasaki Launch Control Mode (KLCM), Kawasaki Intelligent anti-lock Brake System (KIBS), Sport-Kawasaki TRaction Control (S-KTRC), Kawasaki Engine Braking Control, Kawasaki Quick Shifter (KQS) (upshift & downshift), Kawasaki Corner Management Function (KCMF)","43mm inverted Balance Free Fork, adjustable stepless rebound and compression damping, spring preload adjustability/4.7 in","Horizontal back-link with Balance Free gas-charged shock, adjustable compression damping, adjustable rebound damping, stepless adjustable spring preload/4.5 in",120/70 ZR17,190/55 ZR17,"Brembo dual semi-floating 330mm discs with dual radial mounted monobloc 4-piston calipers, Kawasaki Intelligent anti-lock Brake System (KIBS)","Single 220mm disc with aluminum single-piston caliper, Kawasaki Intelligent anti-lock Brake System (KIBS)",Aluminum perimeter,25.0°/4.1 in,82.1 in,29.5 in,46.7 in,5.3 in,32.9 in,,456.4 lb*,4.5 gal,57.1 in,"4.3"" Full-Color TFT Instrumentation, Smartphone Connectivity via RIDEOLOGY THE APP",Lime Green/Pearl Crystal White/Blue
Kawasaki,ninja,supersport,ninja-zx-14r,2025,ninja-zx-14r-ABS,"4-stroke, in-line 4-cylinder, DOHC, 16-valve, liquid-cooled","1,441cc",84.0 x 65.0mm,12.3:1,"197.0 hp¹ @ 10,000 rpm","116.5 lb-ft @ 7,500 rpm",DFI® with 44mm Mikuni throttle bodies (4),TCBI with Electronic Advance,"6-speed, return shift",Sealed chain,"Economical Riding Indicator, Kawasaki TRaction Control (KTRC) (3-mode), Power Modes, Anti-lock Brake System (ABS)","43mm inverted cartridge fork with adjustable preload, 18-way compression and 15-way rebound damping adjustment/4.6 in","Bottom-link Uni-Trak® and gas-charged shock with adjustable preload, stepless rebound and compression damping adjustments, adjustable ride height/4.9 in",120/70-17,190/50-R17,Dual 310mm semi-floating Brembo discs with dual radial-mounted Brembo 4-piston M50 monobloc calipers and ABS,Single 250mm disc with twin-piston caliper and ABS,Aluminum monocoque,23.0°/3.7 in,85.4 in,30.3 in,46.1 in,4.9 in,31.5 in,,593.1 lb*,5.8 gal,58.3 in,,Metallic Matte Sovereign Red/Metallic Flat Spark Black/Metallic Matte Graphite Gray
Kawasaki,ninja,supersport,ninja-zx-14r,2024,ninja-zx-14r-40th-Anniversary-Edition-ABS,"4-stroke, In-Line Four, DOHC, 16-valve, liquid-cooled","1,441cc",84.0 x 65.0mm,12.3:1,,,DFI® with 44mm Mikuni throttle bodies (4),"TCBI, battery powered & Electronic Advance","6-speed, return shift",Sealed chain,"Kawasaki TRaction Control (KTRC), Power Modes, Anti-lock Brake System (ABS)","43mm inverted cartridge fork with adjustable preload, 18-way compression and 15-way rebound damping adjustment/4.6 in","Bottom-link Uni-Trak® and gas-charged shock with adjustable preload, stepless rebound and compression damping adjustments, adjustable ride height/4.9 in",120/70ZR17,190/50ZR17,Dual semi-floating 310mm Brembo discs with dual radial-mounted Brembo 4-piston M50 monobloc calipers and ABS,Single 250mm disc with twin-piston caliper and ABS,Aluminum monocoque,23.0°/3.7 in,85.4 in,30.3 in,46.1 in,4.9 in,31.5 in,,593.1 lb*,5.8 gal,58.3 in,,Lime Green/Pearl Crystal White/Blue
Kawasaki,ninja,hypersport,ninja-h2-sx,2025,ninja-h2-sx-se-abs,"4-stroke, in-line 4-cylinder, DOHC, 16-valve, liquid-cooled",998cc,76.0 x 55.0mm,11.2:1,"207.0 hp¹ @ 10,000 rpm","101.0 lb-ft @ 8,500 rpm",DFI® with 40mm throttle bodies (4); Kawasaki Supercharger,TCBI with Digital Advance,"6-speed, return shift, dog-ring",Sealed chain,"Economical Riding Indicator, Advanced Rider Assistance Systems (ARAS): Forward Collision Warning (FCW), Blind-Spot Detection (BSD), Adaptive Cruise Control (ACC). Vehicle Hold Assist (VHA), Kawasaki Electronic Control Suspension with Showa Skyhook Technology (KECS), Power Modes, Kawasaki Cornering Management Function (KCMF), Kawasaki TRaction Control (KTRC), Kawasaki Launch Control Mode (KLCM), Kawasaki Intelligent anti-lock Brake System (KIBS), Anti-lock Brake System (ABS), Kawasaki Engine Brake Control (KEBC), Kawasaki Quick Shifter (KQS) (dual direction), IMU-Enhanced Chassis Orientation Awareness","43mm inverted Showa fork with KECS-controlled rebound and compression damping, manual spring preload adjustability and top-out springs/4.7 in","Uni-Trak®, Showa BFRC lite gas-charged shock with piggyback reservoir, KECS-controlled compression and rebound damping electronically-adjustable spring preload/5.5 inspring/5.3 in",120/70-17,190/55-17,"Dual 320mm semi-floating discs with dual radial-mount, opposed 4-piston Brembo Stylema® calipers, Kawasaki Intelligent anti-lock Brake System (KIBS)","Single 250mm disc with opposed 2-piston caliper, Kawasaki Intelligent anti-lock Brake System (KIBS)","Trellis, high-tensile steel, with swingarm mounting plate",24.7°/4.1 in,85.6 in,31.1 in,49.6 in,5.1 in,32.9 in,,590.9 lb*,5.0 gal,58.3 in,"Supercharged engine, 6.5"" Full-color TFT Instrumentation, All-LED lighting including Cornering Lights, Kawasaki's Intelligent Proximity Activation Start System (KIPASS), Highly Durable Paint, Grip heaters, Tire Pressure Monitoring System (TPMS), Smartphone Connectivity via Kawasaki SPIN infotainment app",Emerald Blazed Green/Metallic Diablo Black/Metallic Matte Graphenesteel Gray
Kawasaki,ninja,hypersport,ninja-h2,2025,ninja-h2-abs,"4-stroke, in-line 4-cylinder, DOHC, 16-valve, liquid-cooled",998cc,76.0 x 55.0mm,8.5:1,"239.6 hp¹ @ 11,500 rpm","104.9 lb-ft @ 11,000 rpm",DFI® with 50mm throttle bodies (4) with dual injection; Kawasaki Supercharger,TCBI with Digital Advance,"6-speed, return shift, dog-ring",Sealed chain,"Economical Riding Indicator, Kawasaki Cornering Management Function (KCMF), Kawasaki TRaction Control (KTRC), Kawasaki Launch Control Mode (KLCM), IMU-Enhanced Chassis Orientation Awareness, Kawasaki Intelligent anti-lock Brake System (KIBS), Kawasaki Engine Brake Control (KEBC), Kawasaki Quick Shifter (KQS) (upshift & downshift), Öhlins Electronic Steering Damper","43mm inverted Kayaba AOS-II fork with adjustable rebound and compression damping, spring preload adjustability and top-out springs/4.7 in","Uni-Trak®, Öhlins TTX36 gas-charged shock with piggyback reservoir, 24-way compression and rebound damping adjustability, 15-way spring preload adjustability, and top-outspring/5.3 in",120/70-17,200/55-17,"Dual 330mm semi-floating discs with dual radial-mount, opposed 4-piston Brembo Stylema® calipers, Kawasaki Intelligent anti-lock Brake System (KIBS)","Single 250mm disc with opposed 2-piston caliper, Kawasaki Intelligent anti-lock Brake System (KIBS)","Trellis, high-tensile steel, with swingarm mounting plate",24.5°/4.1 in,82.1 in,30.3 in,44.3 in,5.1 in,32.5 in,480.7 lb**,524.8 lb*,4.5 gal,57.3 in,"Supercharged engine, All-digital TFT color Instrumentation, All-LED lighting, Highly Durable Paint, Smartphone Connectivity via RIDEOLOGY THE APP",Mirror Coated Spark Black
Kawasaki,ninja,hypersport,ninja-h2,2025,ninja-h2-carbon-abs,"4-stroke, in-line 4-cylinder, DOHC, 16-valve, liquid-cooled",998cc,76.0 x 55.0mm,8.5:1,"239.6 hp¹ @ 11,500 rpm","104.9 lb-ft @ 11,000 rpm",DFI® with 50mm throttle bodies (4) with dual injection; Kawasaki Supercharger,TCBI with Digital Advance,"6-speed, return shift, dog-ring",Sealed chain,"Economical Riding Indicator, Kawasaki Cornering Management Function (KCMF), Kawasaki TRaction Control (KTRC), Kawasaki Launch Control Mode (KLCM), IMU-Enhanced Chassis Orientation Awareness, Kawasaki Intelligent anti-lock Brake System (KIBS), Kawasaki Engine Brake Control (KEBC), Kawasaki Quick Shifter (KQS) (upshift & downshift), Öhlins Electronic Steering Damper","43mm inverted Kayaba AOS-II fork with adjustable rebound and compression damping, spring preload adjustability and top-out springs/4.7 in","Uni-Trak®, Öhlins TTX36 gas-charged shock with piggyback reservoir, 24-way compression and rebound damping adjustability, 15-way spring preload adjustability, and top-outspring/5.3 in",120/70-17,200/55-17,"Dual 330mm semi-floating discs with dual radial-mount, opposed 4-piston Brembo Stylema® calipers, Kawasaki Intelligent anti-lock Brake System (KIBS)","Single 250mm disc with opposed 2-piston caliper, Kawasaki Intelligent anti-lock Brake System (KIBS)","Trellis, high-tensile steel, with swingarm mounting plate",24.5°/4.1 in,82.1 in,30.3 in,44.3 in,5.1 in,32.5 in,480.7 lb**,524.8 lb*,4.5 gal,57.3 in,"Supercharged engine, All-digital TFT color Instrumentation, All-LED lighting, Carbon fiber, Highly Durable Paint, Serial number stamp, Smartphone Connectivity via RIDEOLOGY THE APP",Mirror Coated Matte Spark Black/Candy Flat Blazed Green
Kawasaki,ninja,hypersport,ninja-h2r,2025,ninja-h2r-abs,"4-stroke, in-line 4-cylinder, DOHC, 16-valve, liquid-cooled",998cc,76.0 x 55.0mm,8.3:1,"321.5 hp¹ @ 14,000 rpm","121.5 lb-ft @ 12,500 rpm",DFI® with 50mm throttle bodies (4) with dual injection; Kawasaki Supercharger,TCBI with Digital Advance,"6-speed, return shift, dog-ring",Sealed chain,"Economical Riding Indicator, Kawasaki Cornering Management Function (KCMF), Kawasaki TRaction Control (KTRC), Kawasaki Launch Control Mode (KLCM), IMU-Enhanced Chassis Orientation Awareness, Kawasaki Intelligent anti-lock Brake System (KIBS), Kawasaki Engine Brake Control (KEBC), Kawasaki Quick Shifter (KQS) (upshift & downshift), Öhlins Electronic Steering Damper","43mm inverted Kayaba AOS-II fork with adjustable rebound and compression damping, spring preload adjustability and top-out springs/4.7 in","Uni-Trak®, Öhlins TTX36 gas-charged shock with piggyback reservoir, 30-way compression and rebound damping adjustability, 16-way spring preload adjustability, and top-outspring/5.3 in",120/60-17 V01F slick,190/65-17 V01R slick,"Dual 330mm semi-floating discs with dual radial-mount, opposed 4-piston Brembo M50 Monobloc calipers, Kawasaki Intelligent anti-lock Brake System (KIBS)","Single 250mm disc with opposed 2-piston caliper, Kawasaki Intelligent anti-lock Brake System (KIBS)","Trellis, high-tensile steel, with swingarm mounting plate",25.1°/4.3 in,81.5 in,33.5 in,45.7 in,5.1 in,32.7 in,432.2 lb**,476.3 lb*,4.5 gal,57.1 in,"Supercharged engine, Carbon fiber aerodynamic downforce generating devices, Highly Durable Paint",Mirror Coated Matte Spark Black
Kawasaki,z,mini-naked,z125-pro,2025,z125-pro,"4-stroke, 1 cylinder, SOHC, 2-valve, air-cooled",125cc,56.0 x 50.6mm,9.8:1,,"7.1 lb-ft @ 6,000 rpm",DFI® with 24mm throttle bodies,TCBI with Electronic Advance,"4-speed, return shift",Sealed chain,,30mm telescopic fork/3.9 in,"Swingarm, single shock/4.1 in",100/90-12,120/70-12,Single 200mm petal-style disc,Single 184mm petal-style disc,Backbone,26.0°/2.7 in,66.9 in,29.5 in,39.6 in,6.1 in,31.7 in,,224.8 lb*,2.0 gal,46.3 in,,"Pearl Lava Orange, Metallic Matte Old School Green, Cypher Camo Beige"
Kawasaki,z,supernaked,z500,2025,z500-abs,"4-stroke, Parallel Twin, DOHC, liquid-cooled",451cc,70.0 x 58.6mm,11.3:1,"51.0 hp¹ @ 10,000 rpm","31.7 lb-ft @ 7,500 rpm",DFI® with dual 32mm throttle bodies,TCBI with Electronic Advance,6-speed,Sealed chain,"Economical Riding Indicator, Anti-lock Brake System (ABS)",41mm hydraulic telescopic fork/4.7 in,Horizontal back-link with adjustable spring preload/5.1 in,110/70-17,150/60-17,Single 310mm semi-floating disc with 2-piston calipers and ABS,Single 220mm disc with single-piston caliper and ABS,"Trellis, high-tensile steel",24.5°/3.6 in,78.5 in,31.5 in,41.5 in,5.7 in,30.9 in,335.2 lb** / 337.4 lb** 50-State Model,366.0 lb* / 368.2 lb* 50-State Model,3.7 gal,54.1 in,"ERGO-FIT®, LCD Instrumentation with Smartphone Connectivity via RIDEOLOGY THE APP",Metallic Spark Black/Metallic Matte Graphenesteel Gray
Kawasaki,z,supernaked,z500,2025,z500-se-abs,"4-stroke, Parallel Twin, DOHC, liquid-cooled",451cc,70.0 x 58.6mm,11.3:1,"51.0 hp¹ @ 10,000 rpm","31.7 lb-ft @ 7,500 rpm",DFI® with dual 32mm throttle bodies,TCBI with Electronic Advance,6-speed,Sealed chain,"Economical Riding Indicator, Anti-lock Brake System (ABS)",41mm hydraulic telescopic fork/4.7 in,Horizontal back-link with adjustable spring preload/5.1 in,110/70-17,150/60-17,Single 310mm semi-floating disc with 2-piston calipers and ABS,Single 220mm disc with single-piston caliper and ABS,"Trellis, high-tensile steel",24.5°/3.6 in,78.5 in,31.5 in,43.3 in,5.7 in,30.9 in,339.6 lb** / 341.8 lb** 50-State Model,370.4 lb* / 372.6 lb* 50-State Model,3.7 gal,54.1 in,"ERGO-FIT®, All-LED lighting, Full-color TFT Instrumentation with Smartphone Connectivity via RIDEOLOGY THE APP, USB-C outlet",Candy Persimmon Red/Metallic Flat Spark Black/Metallic Matte Graphenesteel Gray
Kawasaki,z,supernaked,z650,2025,z650,"4-stroke, 2-cylinder, DOHC, liquid-cooled",649cc,83.0 x 60.0mm,10.8:1,"67.0 hp¹ @ 8,000 rpm","48.5 lb-ft @ 6,700 rpm",DFI® with Keihin 36mm throttle bodies,TCBI with Electronic Advance,"6-speed, return shift",Sealed chain,"Economical Riding Indicator, Kawasaki TRaction Control (KTRC - 3 Modes), Anti-lock Brake System (ABS)",41mm telescopic fork/4.9 in,"Horizontal back-link with adjustable preload, swingarm/5.1 in",120/70-17,160/60-17,Dual 300mm petal-style discs with two-piston calipers (and ABS),Single 220mm petal-style disc (and ABS),"Trellis, high tensile steel",24.0°/3.9 in,80.9 in,30.1 in,41.9 in,5.1 in,31.1 in,381.5 lb** (ABS) / 379.3 lb** (non-ABS) 50-State Model,414.5 lb* (ABS) / 412.3 lb* (non-ABS) 50-State Model,4.0 gal,55.5 in,"4.3"" All-digital TFT color Instrumentation, Smartphone Connectivity via RIDEOLOGY THE APP","Metallic Matte Dark Gray/Metallic Spark Black, Metallic Spark Black/Green"
Kawasaki,z,supernaked,z900,2025,z900-abs,"4-stroke, in-line 4-cylinder, DOHC, 16-valve, liquid-cooled",948cc,73.4 x 56.0mm,11.8:1,"123.0 hp¹ @ 9,500 rpm","73.1 lb-ft @ 7,700 rpm",DFI® with 36mm throttle bodies,TCBI with Electronic Advance,"6-speed, return shift",Sealed chain,"Economical Riding Indicator, Electronic Cruise Control, Kawasaki TRaction Control (KTRC), Anti-lock Brake System (ABS), Power Modes, Kawasaki Cornering Management Function (KCMF), Kawasaki Quick Shifter (KQS), IMU-Enhanced Chassis Orientation Awareness",41mm inverted telescopic fork with rebound damping and spring preload adjustability/4.7 in,"Horizontal back-link, gas-charged rear shock with rebound damping and spring preload adjustability/5.5 in",120/70-17,180/55-17,Dual 300mm semi-floating discs with radial-mount 4-piston calipers and ABS,Single 250mm disc with single-piston caliper and ABS,"Trellis, high tensile steel",24.7°/4.3 in,81.3 in,32.7 in,43.3 in,5.7 in,31.9 in,423.4 lb** / 425.6 lb** 50-State Model,467.5 lb* / 469.7 lb* 50-State Model,4.5 gal,57.1 in,"5"" All-digital TFT color instrumentation, All-LED lighting, ERGO-FIT®, Smartphone Connectivity with Voice Command and Turn-by-Turn Navigation via RIDEOLOGY THE APP MOTORCYCLE","Metallic Spark Black/Metallic Carbon Gray/Ebony, Galaxy Silver/Metallic Spark Black/Phantom Blue"
Kawasaki,z,supernaked,z900,2025,z900-se-abs,"4-stroke, in-line 4-cylinder, DOHC, 16-valve, liquid-cooled",948cc,73.4 x 56.0mm,11.8:1,"123.0 hp¹ @ 9,500 rpm","73.1 lb-ft @ 7,700 rpm",DFI® with 36mm throttle bodies,TCBI with Electronic Advance,"6-speed, return shift",Sealed chain,"Economical Riding Indicator, Electronic Cruise Control, Kawasaki TRaction Control (KTRC), Anti-lock Brake System (ABS), Power Modes, Kawasaki Cornering Management Function (KCMF), Kawasaki Quick Shifter (KQS), IMU-Enhanced Chassis Orientation Awareness",41mm inverted telescopic fork with compression and rebound damping and spring preload adjustability/4.7 in,"Horizontal back-link, Öhlins S46 gas-charged rear shock with rebound damping and spring preload adjustability/5.5 in",120/70-17,180/55-17,Dual 300mm semi-floating discs with radial-mount 4-piston Brembo M4.32 monobloc calipers and ABS,Single 250mm disc with single-piston caliper and ABS,"Trellis, high tensile steel",24.7°/4.3 in,81.3 in,32.7 in,44.7 in,5.7 in,31.9 in,425.6 lb** / 427.8 lb** 50-State Model,469.7 lb* / 471.9 lb* 50-State Model,4.5 gal,57.1 in,"5"" All-digital TFT color instrumentation, All-LED lighting, USB Type-C outlet, ERGO-FIT®, Smartphone Connectivity with Voice Command and Turn-by-Turn Navigation via RIDEOLOGY THE APP MOTORCYCLE",Metallic Matte Graphite Gray/Ebony/Metallic Graphite Gray
Kawasaki,z,retro-sport,z650rs,2025,z650rs-abs,"4-stroke, 2-cylinder, DOHC, liquid-cooled",649cc,83.0 x 60.0mm,10.8:1,"67.0 hp¹ @ 8,000 rpm","48.5 lb-ft @ 6,700 rpm",DFI® with Keihin 36mm throttle bodies,TCBI with Electronic Advance,"6-speed, return shift",Sealed chain,"Economical Riding Indicator, Kawasaki TRaction Control (KTRC - 3 Modes), Anti-lock Brake System (ABS)",41mm telescopic fork/4.9 in,"Horizontal back-link with adjustable preload, swingarm/5.1 in",120/70-17,160/60-17,Dual 300mm petal-style discs with two-piston calipers and ABS,Single 220mm petal-style disc and ABS,"Trellis, high tensile steel",24.0°/3.9 in,81.3 in,31.5 in,43.9 in,4.9 in,31.5 in,383.7 lb**,412.3 lb*,3.2 gal,55.3 in,,Ebony
Kawasaki,z,retro-sport,z900rs,2025,Z900RS-ABS,"4-stroke, 4-cylinder, DOHC, 16-valve, liquid-cooled",948cc,73.4 x 56.0mm,10.8:1,"110.0 hp¹ @ 8,500 rpm","72.3 lb-ft @ 6,500 rpm",DFI® with Keihin 36mm throttle bodies,TCBI with Electronic Advance,"6-speed, return shift",Sealed chain,"Economical Riding Indicator, Kawasaki TRaction Control (KTRC - 3 Modes), Anti-lock Brake System (ABS)","41mm inverted telescopic fork with (13-way) adjustable compression and rebound (11-way) damping, spring preload (15-turn)/4.7",Horizontal back-link swingarm with stepless adjustable rebound damping and spring preload/5.5 in,120/70-17,180/55-17,Dual 300mm discs with four-piston calipers and ABS,Single 250mm disc with single-piston caliper and ABS,"Trellis, high tensile steel",25.0°/3.9 in,82.7 in,34.1 in,45.3 in,5.1 in,32.9 in,,474.1 lb* 50-State Model,4.5 gal,57.9 in,,Candy Tone Red
Kawasaki,z,retro-sport,z900rs,2025,Z900RS-CAFE-ABS,"4-stroke, 4-cylinder, DOHC, 16-valve, liquid-cooled",948cc,73.4 x 56.0mm,10.8:1,"110.0 hp¹ @ 8,500 rpm","72.3 lb-ft @ 6,500 rpm",DFI® with Keihin 36mm throttle bodies,TCBI with Electronic Advance,"6-speed, return shift",Sealed chain,"Economical Riding Indicator, Kawasaki TRaction Control (KTRC - 3 Modes), Anti-lock Brake System (ABS)","41mm inverted telescopic fork with (13-way) adjustable compression and rebound (11-way) damping, spring preload (15-turn)/4.7",Horizontal back-link swingarm with stepless adjustable rebound damping and spring preload/5.5 in,120/70-17,180/55-17,Dual 300mm discs with four-piston calipers and ABS,Single 250mm disc with single-piston caliper and ABS,"Trellis, high tensile steel",25.0°/3.9 in,82.7 in,33.3 in,46.9 in,5.1 in,32.3 in,,476.2 lb* 50-State Model,4.5 gal,57.9 in,,Ebony
Kawasaki,z,retro-sport,z900rs,2025,z900rs-se-abs,"4-stroke, 4-cylinder, DOHC, 16-valve, liquid-cooled",948cc,73.4 x 56.0mm,10.8:1,"110.0 hp¹ @ 8,500 rpm","72.3 lb-ft @ 6,500 rpm",DFI® with Keihin 36mm throttle bodies,TCBI with Electronic Advance,"6-speed, return shift",Sealed chain,"Economical Riding Indicator, Kawasaki TRaction Control (KTRC - 3 Modes), Anti-lock Brake System (ABS)","41mm inverted telescopic fork with (13-way) adjustable compression and rebound (11-way) damping, spring preload (15-turn)/4.7","Horizontal back-link swingarm, Öhlins S46 shock with 30-position adjustable rebound damping and stepless spring preload adjustability/5.5 in",120/70-17,180/55-17,Dual 300mm discs with Brembo M4.32 monobloc four-piston calipers and ABS,Single 250mm disc with single-piston caliper and ABS,"Trellis, high tensile steel",25.0°/3.9 in,82.7 in,34.1 in,45.3 in,5.1 in,33.3 in,,474.1 lb* 50-State Model,4.5 gal,57.9 in,,Metallic Graphite Gray/Ebony
Kawasaki,z,z-hypernaked,z-h2,2025,z-h2-se-abs,"4-stroke, in-line 4-cylinder, DOHC, 16-valve, liquid-cooled, supercharged",998cc,76.0 x 55.0mm,11.2:1,"197.0 hp¹ @ 10,500 rpm","101.0 lb-ft @ 8,500 rpm",DFI® with 40mm throttle bodies; Kawasaki Supercharger,TCBI with Digital Advance,"6-speed, return shift, dog-ring",Sealed chain,"Economical Riding Indicator, Kawasaki Electronic Control Suspension (KECS) with Showa Skyhook Technology, Kawasaki Cornering Management Function (KCMF), Power Modes, Kawasaki Launch Control Mode (KLCM), Kawasaki TRaction Control (KTRC), Kawasaki Engine Brake Control (KEBC), Kawasaki Intelligent anti-lock Brake System (KIBS), Anti-lock Brake System (ABS), Kawasaki Quick Shifter (KQS) (upshift & downshift), Electronic Cruise Control, IMU-Enhanced Chassis Orientation Awareness","43mm Showa SFF-BP inverted fork with KECS-controlled rebound and compression damping, manual spring preload adjustability/4.7 in","Uni-Trak®, Showa gas-charged shock with KECS-controlled compression and rebound damping, manual spring preload adjustability/5.3 in",120/70-17,190/55-17,"Dual 320mm discs with radial-mount Brembo M4.32 Calipers, Kawasaki Intelligent anti-lock Brake System (KIBS)","Single 260mm disc with single-piston caliper, Kawasaki Intelligent anti-lock Brake System (KIBS)","Trellis, high tensile steel",24.9°/4.1in,82.1 in,31.9 in,44.5 in,5.5 in,32.7 in,,531.4 lb*,5.0 gal,57.3 in,"Supercharged engine, All-digital TFT color Instrumentation, All-LED lighting, Smartphone Connectivity via RIDEOLOGY THE APP",Metallic Matte Graphenesteel Gray/Ebony/Mirror Coated Black
Kawasaki,versys,adventure-touring,versys-x-300,2025,versys-x-300-abs,"4-stroke, 2-cylinder, DOHC, liquid-cooled",296cc,62.0 x 49.0mm,10.6:1,,"19.2 lb-ft @ 10,000 rpm",DFI® with 32mm throttle bodies (2),TCBI with Digital Advance,"6-speed, return shift with wet multi-disc manual clutch",Chain,"Economical Riding Indicator, Anti-lock Brake System (ABS)",41mm telescopic fork/5.1 in,Uni-Trak® swingarm with 5-way spring preload adjustment/5.8 in,100/90-19,130/80-17,"Single 290mm disc, ABS","Single 220mm disc, ABS","Tubular, diamond",24.3°/4.3 in,85.4 in,33.9 in,54.7 in,7.1 in,32.1 in,350.6 lb**,385.9 lb*,4.5 gal,57.1 in,ERGO-FIT®,Candy Lime Green/Metallic Flat Spark Black
Kawasaki,versys,adventure-touring,versys-650,2024,versys-650-lt-abs,"4-stroke, 2-cylinder, DOHC, 8 valves, liquid-cooled",649cc,83.0 x 60.0mm,10.8:1,,44.8 lb-ft,DFI® with 38mm Keihin throttle bodies (2),TCBI with Electronic Advance,6-speed with positive neutral finder,Sealed chain,"Kawasaki TRaction Control (KTRC), Anti-lock Brake System (ABS), Economical Riding Indicator",41mm telescopic fork with stepless adjustable rebound and spring preload/5.9 in,Single offset laydown shock with remote adjustable spring preload/5.7 in,120/70 ZR-17,160/60 ZR-17,"Dual 300mm petal-style discs with 2-piston calipers, ABS","Single 250mm petal-style disc with single-piston caliper, ABS",Double pipe diamond frame constructed from high-tensile steel,25°/4.3 in,85.2 in,33.1 in,53.5 in/55.9 in (windshield down/up),6.7 in,33.3 in,,482.9 lb* (+ approx. 20 lb* w/ saddlebags & hand guards),5.5 gal,55.7 in,"TFT color instrumentation with Smartphone Connectivity via RIDEOLOGY THE APP, Clean-mount hard saddlebag system, featuring KQR™ mounts",Metallic Matte Dark Gray/Ebony
Kawasaki,versys,adventure-touring,versys-1100-se-lt,2025,versys-1100-se-lt-abs,"4-stroke, in-line 4-cylinder, DOHC, liquid-cooled","1,099cc",77.0 x 59.0mm,11.8:1,"133.0 hp¹  @ 9,000 rpm","82.5 lb-ft @ 7,600 rpm",DFI® with 38mm throttle bodies (4),TCBI with Electronic Advance,"6-speed, return shift with wet multi-disc manual Assist & Slipper Clutch",Chain,"Economical Riding Indicator, Electronic Cruise Control, Kawasaki TRaction Control (KTRC), Kawasaki Electronic Control Suspension (KECS), Kawasaki Intelligent anti-lock Brake System (KIBS), Anti-lock Brake System (ABS), Power Modes, Kawasaki Cornering Management Function (KCMF), Kawasaki Quick Shifter (KQS), IMU-Enhanced Chassis Orientation Awareness","43mm inverted Showa fork with KECS-controlled rebound and compression damping, manual spring preload adjustability and top-out springs/5.9 in","Horizontal back-link, Showa BFRC Lite gas-charged shock with piggyback reservoir, KECS-controlled compression and rebound damping electronically-adjustable spring preload/5.9 in",120/70-17,180/55-17,"Dual 310mm petal discs with radial-mount 4-piston monobloc calipers, Kawasaki Intelligent anti-lock Brake System (KIBS)","Single 260mm petal disc with single-piston caliper, Kawasaki Intelligent anti-lock Brake System (KIBS)","Twin-tube, aluminum",27.0°/4.0 in,89.4 in,37.4 in,60.2 in (windshield Hi) / 59.8 in (windshield Lo),5.9 in,33.1 in,520.4 lb** (+20 lb w/ saddlebags),571.1 lb* (+20 lb w/ saddlebags),5.5 gal,59.8 in,"Full-color TFT Instrumentation, All-LED lighting including Cornering Lights, USB Type-C outlet, Adjustable windshield, Grip heaters and hand guards, ERGO-FIT®, Highly Durable Paint, Smartphone Connectivity with Voice Command via RIDEOLOGY THE APP MOTORCYCLE",Metallic Graphite Gray/Metallic Diablo Black
Kawasaki,w,retro-classic,w230,2025,w230-abs,"4-stroke, single-cylinder, SOHC, 2 valves, air-cooled",233cc,67.0 x 66.0mm,9.0:1,,"14.0 lb-ft @ 5,800 rpm",DFI® with 32mm throttle bodies,TCBI with Digital Advance,"6-speed, return shift",Sealed chain,Anti-lock Brake System,37mm telescopic fork/4.6 in,Twin shocks with spring preload adjustability/3.7 in,90/90-18,110/90-17,"Single 265mm disc with 2-piston calipers, ABS","Single 220mm disc with 1-piston caliper, ABS","Semi-double cradle, steel",27.0°/3.7 in,83.6 in,31.4 in,42.9 in,5.9 in,29.3 in,293.2 lb**,315.2 lb*,3.1 gal,55.7 in,,Metallic Ocean Blue/Ebony
Kawasaki,w,retro-classic,w800,2025,w800-abs,"4-stroke, Parallel Twin, SOHC, 4 valves, air-cooled",773cc,77.0 x 83.0mm,8.4:1,,"46.4 lb-ft @ 4,800 rpm",DFI® with 34mm throttle bodies (2),TCBI with Digital Advance,"5-speed, return shift",Sealed chain,Anti-lock Brake System,41mm telescopic fork/5.1 in,Twin shocks with spring preload adjustability/4.2 in,100/90-19,130/80-18,"Single 320mm disc with 2-piston calipers, ABS","Single 270mm disc with 2-piston caliper, ABS",Double-cradle high tensile steel,26.0°/3.7 in,86.2 in,31.1 in,42.3 in,4.9 in,31.1 in,,498.3 lb*,4.0 gal,57.7 in,,Metallic Brilliant Golden Black/Ebony
Kawasaki,eliminator,Cruiser,eliminator,2025,eliminator,"4-stroke, 2-cylinder, DOHC, liquid-cooled",451cc,70.0 x 58.6mm,11.3:1,,"31.7 lb-ft @ 7,500 rpm",DFI® with 32mm throttle bodies,TCBI w/ Digital Advance,"6-speed, return shift",Sealed chain,Anti-lock Brake System (ABS only),41mm telescopic fork/4.7 in,Twin shocks/3.1 in,130/70-18,150/80-16,Single 310mm disc with twin-piston caliper (and ABS),Single 220mm disc with single-piston caliper (and ABS),"Trellis, high-tensile steel",30.0°/4.8 in,88.6 in,30.9 in,43.3 in,5.9 in,28.9 in,361.6 lb** (ABS) / 359.4 lb** (non-ABS),388.1 lb* (ABS) / 385.9 lb* (non-ABS),3.4 gal,59.8 in,"ERGO-FIT®, Smartphone Connectivity via RIDEOLOGY THE APP","Metallic Flat Spark Black, Pearl Sand Khaki"
Kawasaki,eliminator,Cruiser,eliminator,2025,eliminator-se-abs,"4-stroke, 2-cylinder, DOHC, liquid-cooled",451cc,70.0 x 58.6mm,11.3:1,,"31.7 lb-ft @ 7,500 rpm",DFI® with 32mm throttle bodies,TCBI w/ Digital Advance,"6-speed, return shift",Sealed chain,Anti-lock Brake System,41mm telescopic fork/4.7 in,Twin shocks/3.1 in,130/70-18,150/80-16,"Single 310mm disc with twin-piston caliper, and ABS","Single 220mm disc with single-piston caliper, and ABS","Trellis, high-tensile steel",30.0°/4.8 in,88.6 in,30.9 in,43.3 in,5.9 in,28.9 in,363.8 lb**,390.3 lb*,3.4 gal,59.8 in,"ERGO-FIT®, Smartphone Connectivity via RIDEOLOGY THE APP",Phantom Blue/Ebony
Kawasaki,vulcan,sport-cruiser,vulcan-s,2025,vulcan-s,"4-stroke, 2-cylinder, DOHC, liquid-cooled",649cc,83.0 x 60.0mm,10.8:1,,"46.3 lb-ft @ 6,600 rpm","DFI® with 38mm throttle bodies (2), with sub-throttle valves",TCBI with Electronic Advance,6-speed with positive neutral finder,Sealed chain,"Economical Riding Indicator, Anti-lock Brake System (ABS)",41mm telescopic fork/5.1 in,Lay-down offset rear shock with linkage and adjustable preload/3.2 in,120/70-18,160/60-17,Single 300mm disc with twin-piston caliper (and ABS),Single 250mm disc with single-piston caliper (and ABS),High-tensile steel diamond frame,31°/4.7 in,90.9 in,34.6 in,43.3 in,5.1 in,27.8 in,,"498.3 lb* (ABS), 491.7 lb* (non-ABS)",3.7 gal,62.0 in,ERGO-FIT®,"Metallic Matte Graphite Gray/Metallic Matte Carbon Gray, Metallic Flat Spark Black"
Kawasaki,vulcan,sport-cruiser,vulcan-s,2025,vulcan-s-cafe-abs,"4-stroke, 2-cylinder, DOHC, liquid-cooled",649cc,83.0 x 60.0mm,10.8:1,,"46.3 lb-ft @ 6,600 rpm","DFI® with 38mm throttle bodies (2), with sub-throttle valves",TCBI with Electronic Advance,6-speed with positive neutral finder,Sealed chain,"Economical Riding Indicator, Anti-lock Brake System (ABS)",41mm telescopic fork/5.1 in,Lay-down offset rear shock with linkage and adjustable preload/3.2 in,120/70-18,160/60-17,"Single 300mm disc with twin-piston caliper, ABS","Single 250mm disc with single-piston caliper, ABS",High-tensile steel diamond frame,31°/4.7 in,90.9 in,34.6 in,44.5 in,5.1 in,27.8 in,,502.7 lb*,3.7 gal,62.0 in,ERGO-FIT®,Metallic Moondust Gray/Metallic Spark Black
Kawasaki,vulcan,classic-cruiser,vulcan-900,2025,Vulcan-900-Classic,"4-stroke, 55-degree V-twin, liquid-cooled",903cc,88.0 x 74.2mm,9.5:1,,"58.2 lb-ft @ 3,500 rpm","DFI® with 34mm throttle bodies (2), with sub-throttle valves",TCBI with Electronic Advance,5-speed with positive neutral finder,Kevlar-reinforced belt,,41mm Showa telescopic fork/5.9 in,"Uni-Trak® swingarm, 7-way adjustable spring preload/4.1 in",130/90-16,180/70-15,Single 300mm hydraulic disc,Single 270mm hydraulic disc,"Semi-double cradle, high-tensile steel",32°/6.3 in,97.0 in,39.6 in,41.9 in,5.3 in,26.8 in,,619.6 lb*,5.3 gal,64.8 in,,Metallic Carbon Gray/Phantom Blue
Kawasaki,vulcan,classic-cruiser,vulcan-900,2025,Vulcan-900-Custom,"4-stroke, 55-degree V-twin, liquid-cooled",903cc,88.0 x 74.2mm,9.5:1,,"58.2 lb-ft @ 3,500 rpm","DFI® with 34mm throttle bodies (2), with sub-throttle valves",TCBI with Electronic Advance,5-speed with positive neutral finder,Kevlar-reinforced belt,,41mm Showa telescopic fork/5.9 in,"Uni-Trak® swingarm, 7-way adjustable spring preload/4.1 in",80/90-21,180/70-15,Single 300mm hydraulic disc,Single 270mm hydraulic disc,"Semi-double cradle, high-tensile steel",33°/7.2 in,94.7 in,35.2 in,44.1 in,5.5 in,27.0 in,,610.8 lb*,5.3 gal,64.8 in,,Candy Fire Red/Ebony
Kawasaki,vulcan,classic-cruiser,vulcan-900,2025,Vulcan-900-Classic-LT,"4-stroke, 55-degree V-twin, liquid-cooled",903cc,88.0 x 74.2mm,9.5:1,,"58.2 lb-ft @ 3,500 rpm","DFI® with 34mm throttle bodies (2), with sub-throttle valves",TCBI with Electronic Advance,5-speed with positive neutral finder,Kevlar-reinforced belt,,41mm Showa telescopic fork/5.9 in,"Uni-Trak® swingarm, 7-way adjustable spring preload/4.1 in",130/90-16,180/70-15,Single 300mm hydraulic disc,Single 270mm hydraulic disc,"Semi-double cradle, high-tensile steel",32°/6.3 in,97.0 in,39.6 in,58.3 in,5.3 in,26.8 in,,657.1 lb*,5.3 gal,64.8 in,,Metallic Ocean Blue/Metallic Moondust Gray
Kawasaki,vulcan,bagger-cruiser,vulcan-1700-vaquero,2025,vulcan-1700-vaquero-abs,"4-stroke, 52-degree V-twin, liquid-cooled","1,700cc",102.0 x 104.0mm,9.5:1,,"107.6 lb-ft @ 2,750 rpm",DFI® with 42mm throttle bodies (2),TCBI with Electronic Advance,6-speed with overdrive and positive neutral finder,Carbon fiber-reinforced belt,"Electronic Cruise Control, Kawasaki Advanced Coactive-Braking Technology (K-ACT) ABS",45mm Showa telescopic fork/5.5 in,"Swingarm with twin air-assisted shocks, with 4-way adjustable rebound damping/3.1 in",130/90-16,170/70-16,"Dual 300mm discs, dual four-piston calipers, K-ACT ABS","Single 300mm disc, twin-piston caliper, K-ACT ABS","Steel, double-cradle with box-section single-tube backbone",30°/7.0 in,98.8 in,38.2 in,50.8 in,5.7 in,28.7 in,,844.5 lb*,5.3 gal,65.6 in,Integrated audio system with SiriusXM and intercom headset compatibility,Metallic Brilliant Golden Black
Kawasaki,vulcan,touring-cruiser,vulcan-1700-voyager,2025,Vulcan-1700-Voyager-ABS,"4-stroke, 52-degree V-twin, liquid-cooled","1,700cc",102.0 x 104.0mm,9.5:1,,"107.6 lb-ft @ 2,750 rpm",DFI® with 42mm throttle bodies (2),TCBI with Electronic Advance,6-speed with overdrive and positive neutral finder,Carbon fiber-reinforced belt,"Electronic Cruise Control, Kawasaki Advanced Coactive-Braking Technology (K-ACT) ABS",45mm Showa telescopic fork/5.5 in,"Swingarm with twin air-assisted shocks, with 4-way adjustable rebound damping/3.1 in",130/90-16,170/70-16,"Dual 300mm discs, dual four-piston calipers, K-ACT ABS","Single 300mm disc, twin-piston caliper, K-ACT ABS","Steel, double-cradle with box-section single-tube backbone",30°/7.0 in,100.8 in,39.2 in,61.0 in,5.3 in,28.7 in,,895.2 lb*,5.3 gal,65.6 in,Integrated audio system with SiriusXM and intercom headset compatibility,Metallic Ocean Blue/Metallic Moondust Gray
Kawasaki,klr,dual-sport,klr650,2025,klr650,"4-stroke, single cylinder, DOHC",652cc,100.0 x 83.0mm,9.8:1,,"39.1 lb-ft @ 4,500 rpm",DFI® with 40mm throttle body,CDI,"5-speed, return shift with wet multi-disc manual clutch",Sealed chain,Anti-lock Brake System (ABS),41mm telescopic fork/ 7.9 in,Uni-Trak® single shock with adjustable rebound damping and adjustable spring preload/8.0 in,90/90-21,130/80-17,Single 300mm disc with 2-piston calipers (and ABS),Single 240mm disc with single-piston caliper (and ABS),"Tubular, semi-double cradle",30.0°/4.8 in,89.8 in,38.2 in,57.7/56.3 in (screen hi/lo),8.3 in,34.3 in,"416.6 lb** (ABS), 412.1 lb** (non-ABS)","460.6 lb* (ABS), 456.2 lb* (non-ABS)",6.1 gal,60.6 in,,"Metallic Matte Old School Green, Pearl Crystal White/Metallic Carbon Gray"
Kawasaki,klr,dual-sport,klr650,2025,klr650-s-abs,"4-stroke, single cylinder, DOHC",652cc,100.0 x 83.0mm,9.8:1,,"39.1 lb-ft @ 4,500 rpm",DFI® with 40mm throttle body,CDI,"5-speed, return shift with wet multi-disc manual clutch",Sealed chain,Anti-lock Brake System (ABS),41mm telescopic fork/ 6.7 in,Uni-Trak® single shock with adjustable rebound damping and adjustable spring preload/7.0 in,90/90-21,130/80-17,Single 300mm disc with 2-piston calipers (and ABS),Single 240mm disc with single-piston caliper (and ABS),"Tubular, semi-double cradle",29.5°/4.6 in,88.8 in,38.2 in,56.3/54.9 in (screen hi/lo),7.3 in,32.1 in,"416.6 lb** (ABS), 412.1 lb** (non-ABS)","460.6 lb* (ABS), 456.2 lb* (non-ABS)",6.1 gal,59.6 in,,"Metallic Matte Old School Green, Pearl Crystal White/Metallic Carbon Gray"
Kawasaki,klr,dual-sport,klr650,2025,klr650-adventure-abs,"4-stroke, single cylinder, DOHC",652cc,100.0 x 83.0mm,9.8:1,,"39.1 lb-ft @ 4,500 rpm",DFI® with 40mm throttle body,CDI,"5-speed, return shift with wet multi-disc manual clutch",Sealed chain,Anti-lock Brake System (ABS),41mm telescopic fork/ 7.9 in,Uni-Trak® single shock with adjustable rebound damping and adjustable spring preload/8.0 in,90/90-21,130/80-17,Single 300mm disc with 2-piston calipers (and ABS),Single 240mm disc with single-piston caliper (and ABS),"Tubular, semi-double cradle",30.0°/4.8 in,89.8 in,38.2 in,57.3/55.9 in (screen hi/lo),8.3 in,34.3 in,,487.1 lb*,6.1 gal,60.6 in,,"Cypher Camo Beige/Metallic Matte Carbon Gray, Metallic Matte Twilight Blue"
Kawasaki,klx,off-road,klx110r,2025,klx110r,"4-stroke, single-cylinder, SOHC, air-cooled",112cc,53.0 x 50.6mm,9.5:1,,,Keihin PB18 carburetor and screw type throttle limiter on grip housing,DC-CDI,"4-speed, return shift, automatic centrifugal and wet, multi-disc clutch",Chain,,30mm hydraulic telescopic fork/4.3 in,Swingarm with single hydraulic shock/4.3 in,2.50 x 14,3.00 x 12,"90mm mechanical drum, cable actuated","110mm mechanical drum, rod actuated","Backbone frame, high-tensile steel",24.8°/2.0 in,61.4 in,25.6 in,37.6 in,8.5 in,26.8 in,,167.5 lb*,1.0 gal,42.3 in,,"Lime Green, Battle Gray"
Kawasaki,klx,off-road,klx110r,2025,klx110r-l,"4-stroke, single-cylinder, SOHC, air-cooled",112cc,53.0 x 50.6mm,9.5:1,,,Keihin PB18 carburetor and screw type throttle limiter on grip housing,DC-CDI,"4-speed, return shift, wet multi-disc manual clutch",Chain,,30mm hydraulic telescopic fork/5.5 in,Swingarm with single hydraulic shock/5.2 in,2.50 x 14,3.00 x 12,"90mm mechanical drum, cable actuated","110mm mechanical drum, rod actuated","Backbone frame, high-tensile steel",24.2°/1.9 in,61.4 in,25.6 in,39.0 in,10.4 in,28.7 in,,167.5 lb*,1.0 gal,42.3 in,,"Lime Green, Battle Gray"
Kawasaki,klx,off-road,klx140r,2025,klx140r,"4-stroke, single-cylinder, SOHC, air-cooled",144cc,58.0 x 54.4mm,9.5:1,,,Keihin PB20 carburetor,Digital DC-CDI,"5-speed, return shift, with wet multi-disc manual clutch",Chain,,33mm telescopic fork/7.1 in,Uni-Trak® linkage system and single shock with 5-way preload adjustability/7.1 in,70/100-17,90/100-14,Single 220mm petal disc with a dual-piston caliper,Single 186mm petal disc with single-piston caliper,"High-tensile steel, box-section perimeter",27.0°/3.3 in,71.7 in,31.1 in,41.3 in,9.3 in,30.7 in,,205.0 lb*,1.5 gal,49.6 in,,"Lime Green, Battle Gray"
Kawasaki,klx,off-road,klx140r,2025,klx140r-l,"4-stroke, single-cylinder, SOHC, air-cooled",144cc,58.0 x 54.4mm,9.5:1,,,Keihin PB20 carburetor,Digital DC-CDI,"5-speed, return shift, with wet multi-disc manual clutch",Chain,,33mm telescopic fork/7.1 in,"Uni-Trak® linkage system and single shock with piggyback reservoir, fully adjustable preload and 22-way rebound damping/7.1 in",70/100-19,90/100-16,Single 220mm petal disc with a dual-piston caliper,Single 186mm petal disc with single-piston caliper,"High-tensile steel, box-section perimeter",27.0°/3.8 in,74.6 in,31.1 in,42.3 in,10.0 in,31.5 in,,209.4 lb*,1.5 gal,50.6 in,,"Lime Green, Battle Gray"
Kawasaki,klx,off-road,klx140r,2025,klx140r-f,"4-stroke, single-cylinder, SOHC, air-cooled",144cc,58.0 x 54.4mm,9.5:1,,,Keihin PB20 carburetor,Digital DC-CDI,"5-speed, return shift, with wet multi-disc manual clutch",Chain,,33mm telescopic fork/7.5 in,"Uni-Trak® linkage system and single shock with piggyback reservoir, 20-way rebound damping and threaded preload adjustability/7.9 in",2.75 x 21,4.10 x 18,Single 220mm petal disc with a dual-piston caliper,Single 186mm petal disc with single-piston caliper,"High-tensile steel, box-section perimeter",27.0°/4.6 in,78.9 in,31.1 in,44.7 in,12.4 in,33.9 in,,218.2 lb*,1.5 gal,52.4 in,,"Lime Green, Battle Gray"
Kawasaki,klx,off-road,klx230r,2025,klx230r,"4-stroke, single-cylinder, SOHC, air-cooled",233cc,67.0 x 66.0mm,9.4:1,,,DFI® with 32mm Keihin throttle body,TCBI with electronic advance,"6-speed, return shift with wet multi-disc manual clutch",Chain,,37mm telescopic fork/9.8 in,Uni-Trak® linkage system and single shock with adjustable spring preload/9.8 in,80/100-21,100/100-18,Single 240mm petal disc with a dual-piston caliper,Single 220mm petal disc with single-piston caliper,"High-tensile steel, box-section perimeter",25.4°/4.2 in,80.5 in,33.3 in,47.2 in,11.4 in,35.6 in,,262.4 lb* / 264.5 lb* 50-State Model,2.0 gal,54.1 in,,"Lime Green, Battle Gray"
Kawasaki,klx,off-road,klx230r,2025,klx230r-s,"4-stroke, single-cylinder, SOHC, air-cooled",233cc,67.0 x 66.0mm,9.4:1,,,DFI® with 32mm Keihin throttle body,TCBI with electronic advance,"6-speed, return shift with wet multi-disc manual clutch",Chain,,37mm telescopic fork/8.7 in,Uni-Trak® linkage system and single shock with adjustable spring preload/8.8 in,80/100-21,100/100-18,Single 240mm petal disc with a dual-piston caliper,Single 220mm petal disc with single-piston caliper,"High-tensile steel, box-section perimeter",24.6°/3.9 in,80.5 in,33.3 in,46.7 in,10.6 in,34.4 in,,262.4 lb* / 264.5 lb* 50-State Model,2.0 gal,53.3 in,,"Lime Green, Battle Gray"
Kawasaki,klx,off-road,klx300r,2025,klx300r,"4-stroke, single-cylinder, DOHC, liquid-cooled",292cc,78.0 x 61.2mm,11.0:1,,,DFI® with 34mm Keihin throttle body,TCBI with electronic advance,"6-speed, return shift with wet multi-disc manual clutch",Chain,,43mm inverted telescopic fork with adjustable compression damping/11.2 in,"Uni-Trak® gas charged shock with piggyback reservoir with adjustable compression, rebound damping and spring preload/11.2 in",3.0 x 21,4.6 x 18,Single 270mm petal disc with a dual-piston caliper,Single 240mm petal disc with single-piston caliper,Semi-double cradle,26.9°/4.3 in,86.6 in,32.5 in,49.0 in,11.8 in,35.4 in,,282.2 lb* / 286.7 lb* 50-State Model,2.1 gal,56.5 in,,"Lime Green, Battle Gray"
Kawasaki,klx,dual-sport,klx230,2025,klx230-s,"4-stroke single, SOHC, air-cooled",233cc,67.0 x 66.0mm,9.4:1,,"13.0 lb-ft @ 6,400 rpm",DFI® with 32mm throttle body,TCBI with Electronic Advance,6-speed,Sealed chain,Anti-lock Brake System (ABS),37mm telescopic fork/7.9 in,Uni-Trak® linkage system and single shock with adjustable spring preload/8.8 in,2.75 x 21,4.10 x 18,Single 240mm (265mm ABS Model) petal disc with a dual-piston caliper (and ABS),Single 220mm petal disc with single-piston caliper (and ABS),"Perimeter, high-tensile steel",24.6°/3.8 in,81.9 in,33.3 in,44.9 in,9.4 in,33.3 in,"275.6 lb** (ABS), 273.4 lb** (non-ABS) / 277.7 lb** (ABS), 275.5 lb** (non-ABS) 50-State Model","291.1 lb* (ABS), 288.9 lb* (non-ABS) / 293.3 lb* (ABS), 291.1 lb* (non-ABS) 50-State Model",2.0 gal,53.7 in,"ERGO-FIT®, LCD Instrumentation with Smartphone Connectivity via RIDEOLOGY THE APP MOTORCYCLE",Lime Green
Kawasaki,klx,dual-sport,klx300,2025,klx300,"4-stroke, single-cylinder, DOHC, liquid-cooled",292cc,78.0 x 61.2mm,11.1:1,,"18.1 lb-ft @ 7,000 rpm",DFI® with 34mm Keihin throttle body,CDI,"6-speed, return shift with wet multi-disc manual clutch",Chain,,43mm inverted telescopic fork with adjustable compression damping/10.0 in,"Uni-Trak® gas charged shock with piggyback reservoir with adjustable compression, rebound damping and spring preload/9.1 in",3.0 x 21,4.6 x 18,Single 250mm petal disc with a dual-piston caliper,Single 240mm petal disc with single-piston caliper,"Tubular, semi-double cradle",26.7°/4.2 in,86.6 in,32.3 in,47.4 in,10.8 in,35.2 in,,302.1 lb*,2.1 gal,56.7 in,,"Lime Green, Battle Gray"
Kawasaki,klx,supermoto,klx230sm,2025,klx230sm-abs,"4-stroke single, SOHC, air-cooled",233cc,67.0 x 66.0mm,9.4:1,,"13.0 lb-ft @ 6,400 rpm",DFI® with 32mm throttle body,TCBI with Electronic Advance,6-speed,Sealed chain,Anti-lock Brake System (ABS),37mm telescopic fork/7.4 in,Uni-Trak® linkage system and single shock with adjustable spring preload/8.8 in,110/70-17,120/70-17,Single 300mm petal disc with a dual-piston caliper and ABS,Single 220mm petal disc with single-piston caliper and ABS,"Perimeter, high-tensile steel",24.9°/3.0 in,80.1 in,33.3 in,44.3 in,8.7 in,33.1 in,284.4/286.5 lb** 50-State Model,299.9/302.1 lb* 50-State Model,2.0 gal,53.7 in,"ERGO-FIT®, LCD Instrumentation with Smartphone Connectivity via RIDEOLOGY THE APP MOTORCYCLE",Battle Gray
Kawasaki,klx,supermoto,klx300sm,2025,klx300sm,"4-stroke, single-cylinder, DOHC, liquid-cooled",292cc,78.0 x 61.2mm,11.1:1,,"18.1 lb-ft @ 7,000 rpm",DFI® with 34mm Keihin throttle body,CDI,"6-speed, return shift with wet multi-disc manual clutch",Chain,,43mm inverted cartridge fork with adjustable compression damping/9.1 in,Uni-Trak® gas charged shock with piggyback reservoir with adjustable rebound damping and spring preload/8.1 in,110/70-17,130/70-17,Single 300mm petal disc with a dual-piston caliper,Single 240mm petal disc with single-piston caliper,"Tubular, semi-double cradle",25.0°/2.8 in,83.3 in,31.1 in,44.7 in,9.3 in,33.9 in,,304.3 lb*,2.1 gal,56.5 in,,"Battle Gray, Phantom Blue"
Kawasaki,kx,kx-youth-mx,kx-65,2025,kx65,"2-stroke, single-cylinder, liquid-cooled",64cc,44.5 x 41.6mm,8.4:1,,,24mm Mikuni carburetor,CDI with digital advance,"6-speed, return shift, with wet multi-disc manual clutch",Chain,,33mm leading axle telescopic fork with 4-way rebound damping/8.3 in,Uni-Trak® single shock system with stepless 3-turns rebound damping and fully adjustable spring preload/9.4 in,60/100-14,80/100-12,"Single 180mm disc with 
single-piston caliper","Single 180mm disc with 
single-piston caliper",High-tensile steel semi-double cradle,27.0°/2.4 in,62.6 in,29.9 in,37.6 in,12.0 in,29.9 in,,132.2 lb*,1.0 gal,44.1 in,,Lime Green
Kawasaki,kx,kx-youth-mx,kx-85,2025,kx85,"2-stroke, single-cylinder with exhaust power valve (KIPS), liquid-cooled",84cc,48.5 x 45.8mm,10.9:1 (low speed) / 9.0:1 (high speed),,,28mm Keihin carburetor,CDI with digital advance,"6-speed, return shift, with wet multi-disc manual clutch",Chain,,36mm inverted telescopic cartridge fork with 20-way compression damping/10.8 in,"Uni-Trak® single shock system with 24-way compression and 21-way rebound damping, plus adjustable spring preload/10.8 in",70/100-17,90/100-14,"Single 220mm petal disc with 
dual-piston caliper","Single 184mm petal disc with 
single-piston caliper",High-tensile steel perimeter design with subframe member,29.0°/3.8 in,72.0 in,30.1 in,43.3 in,11.4 in,32.7 in,,164.4 lb*,1.32 gal,49.8 in,ERGO-FIT®,Lime Green
Kawasaki,kx,kx-youth-mx,kx-112,2025,kx112,"2-stroke, single-cylinder with exhaust power valve (KIPS), liquid-cooled",112cc,52.5 x 51.6mm,9.9:1 (low speed) / 8.6:1 (high speed),,,28mm Keihin carburetor,CDI with digital advance,"6-speed, return shift, with wet multi-disc manual clutch",Chain,,36mm inverted telescopic cartridge fork with 20-way compression damping/10.8 in,Uni-Trak® gas charged shock with piggyback reservoir with 24-way compression and 21-way rebound damping plus adjustable spring preload/10.8 in,70/100-19,90/100-16,"Single 220mm petal disc with 
dual-piston caliper","Single 184mm petal disc with 
single-piston caliper",High-tensile steel perimeter design with subframe member,29.0°/4.3 in,75.6 in,30.1 in,45.3 in,13.0 in,34.3 in,,169.7 lb*,1.32 gal,51.6 in,ERGO-FIT®,Lime Green
Kawasaki,kx,full-size-mx,kx-250,2025,kx250,"4-stroke, single-cylinder, DOHC, liquid-cooled",249cc,78.0 x 52.2mm,14.0:1,,,DFI® with 44mm Keihin throttle body and dual injectors,Digital DC-CDI,"5-speed, return shift, with wet multi-disc manual clutch and hydraulic clutch actuation",Chain,"Power Modes, Kawasaki TRaction Control (KTRC), Launch Control Mode",49mm Showa inverted telescopic coil-spring fork with 23-way compression damping and 20-way rebound damping /12.0 in,"Uni-Trak® with dual-range (2.25 turns high speed/21-way low-speed) compression damping, 38-way rebound damping and adjustable preload/12.1 in",80/100-21,110/90-19,Single semi-floating 270mm Braking petal disc with dual-piston caliper,Single 240mm Braking petal disc with single-piston caliper,Aluminum perimeter,27.0°/4.7 in,86.2 in,32.3 in,49.8 in,13.4 in,37.6 in,,230.8 lb* without fuel / 240.7 lb*,1.64 gal,58.5 in,"Smartphone Connectivity via RIDEOLOGY THE APP KX™, ERGO-FIT®",Lime Green
Kawasaki,kx,full-size-mx,kx-250,2024,kx250-50th-anniversary-edition,"4-stroke single, DOHC, liquid-cooled",249cc,78.0 x 52.2mm,14.1:1,,,DFI® with 44mm Keihin throttle body and dual injectors,Digital CDI,"5-speed, return shift, with wet multi-disc manual clutch",Chain,Launch Control Mode,48mm inverted telescopic coil-spring fork with 23-way compression damping and 20-way rebound damping /12.4 in,"Uni-Trak® with dual-range (2.25 turns high speed/21-way low-speed) compression damping, 38-way rebound damping and adjustable preload/12.4 in",80/100-21,110/90-19,Single semi-floating 270mm Braking petal disc with dual-piston caliper,Single 240mm Braking petal disc with single-piston caliper,Aluminum perimeter,28.0°/4.6 in,86.2 in,32.3 in,50.0 in,13.6 in,37.8 in,,227.6 lb* without fuel / 237.7 lb*,1.64 gal,58.5 in,,Lime Green
Kawasaki,kx,full-size-mx,kx-450,2025,kx450,"4-stroke, single-cylinder, DOHC, liquid-cooled",449cc,96.0 x 62.1mm,12.5:1,,,DFI® with 44mm Keihin throttle body,Digital CDI with handlebar-controlled power modes,"5-speed, return shift, with wet multi-disc manual clutch and hydraulic clutch actuation",Chain,"Power Modes, Kawasaki TRaction Control (KTRC), Launch Control Mode",49mm Showa inverted telescopic coil-spring fork with 21-way adjustable compression and 22-way adjustable rebound damping/12.0 in,"Uni-Trak® gas charged shock with piggyback reservoir with adjustable dual-range compression damping (19-way low speed and 4.25 turn stepless high speed), 23-way adjustable rebound damping and stepless adjustable preload/12.1 in",80/100-21,120/80-19,Single semi-floating 270mm Braking/Sunstar petal disc with Brembo master cylinder and dual-piston caliper,Single 240mm Braking/Sunstar petal disc with single-piston caliper,Aluminum perimeter,26.6°/4.5 in,85.8 in,32.3 in,50.0 in,13.6 in,37.8 in,,238.3 lb* without fuel / 248.2 lb*,1.64 gal,58.3 in,"Smartphone Connectivity via RIDEOLOGY THE APP KX™, ERGO-FIT®",Lime Green
Kawasaki,kx,full-size-mx,kx-450,2024,kx450-50th-anniversary-edition,"4-stroke single, DOHC, liquid-cooled",449cc,96.0 x 62.1mm,12.5:1,,,DFI® with 44mm Keihin throttle body,Digital CDI with handlebar-controlled Power Modes,"5-speed, return shift, with wet multi-disc manual clutch and hydraulic clutch actuation",Chain,"Power Modes, Kawasaki TRaction Control (KTRC), Launch Control Mode",49mm inverted telescopic coil-spring fork with 21-way adjustable compression and 22-way adjustable rebound damping/12.0 in,"Uni-Trak® gas charged shock with piggyback reservoir with adjustable dual-range compression damping (19-way low speed and 4.25 turn stepless high speed), 23-way adjustable rebound damping and stepless adjustable preload/12.1 in",80/100-21,120/80-19,Single semi-floating 270mm Braking/Sunstar petal disc with Brembo master cylinder and dual-piston caliper,Single 240mm Braking/Sunstar petal disc with single-piston caliper,Aluminum perimeter,26.6°/4.5 in,85.8 in,32.3 in,50.0 in,13.6 in,37.8 in,,238.3 lb* without fuel / 248.2 lb*,1.64 gal,58.3 in,Smartphone Connectivity via RIDEOLOGY THE APP,Lime Green
Kawasaki,kx,full-size-mx,kx-450sr,2025,kx450sr,"4-stroke, single-cylinder, DOHC, liquid-cooled",449cc,96.0 x 62.1mm,12.5:1,,,DFI® with 44mm Keihin throttle body,Digital CDI with handlebar-controlled power modes,"5-speed, return shift, with wet multi-disc manual clutch and hydraulic clutch actuation",Chain,"Power Modes, Kawasaki TRaction Control (KTRC), Launch Control Mode",49mm Showa inverted telescopic coil-spring fork with 21-way adjustable compression and 22-way adjustable rebound damping/12.0 in,"Uni-Trak® gas charged shock with piggyback reservoir with adjustable dual-range compression damping (19-way low speed and 4.25 turn stepless high speed), 23-way adjustable rebound damping and stepless adjustable preload/12.1 in",80/100-21,120/80-19,Single semi-floating 270mm Braking/Sunstar petal disc with Brembo master cylinder and dual-piston caliper,Single 240mm Braking/Sunstar petal disc with single-piston caliper,Aluminum perimeter,26.6°/4.5 in,86.0 in,32.3 in,50.0 in,13.4 in,37.6 in,,238.2 lb* without fuel / 248.2 lb*,1.64 gal,58.5 in,"Smartphone Connectivity via RIDEOLOGY THE APP KX™, ERGO-FIT®",Lime Green
Kawasaki,kx,full-size-cross-country,kx-250x,2025,kx250x,"4-stroke, single-cylinder, DOHC, liquid-cooled",249cc,78.0 x 52.2mm,14.0:2,,,DFI® with 44mm Keihin throttle body and dual injectors,Digital DC-CDI,"5-speed, return shift, with wet multi-disc manual clutch and hydraulic clutch actuation",Chain,"Power Modes, Kawasaki TRaction Control (KTRC), Launch Control Mode",49mm Showa inverted telescopic coil-spring fork with 23-way compression damping and 20-way rebound damping /12.0 in,"Uni-Trak® with dual-range (2.25 turns high speed/21-way low-speed) compression damping, 38-way rebound damping and adjustable preload/12.1 in",80/100-21,110/100-18,Single semi-floating 270mm Braking petal disc with dual-piston caliper,Single 240mm Braking petal disc with single-piston caliper,Aluminum perimeter,27.5°/4.8 in,85.8 in,32.3 in,49.6 in,13.0 in,37.2 in,,233.2 lb* without fuel / 243.2 lb*,1.64 gal,58.5 in,"Smartphone Connectivity via RIDEOLOGY THE APP KX™, ERGO-FIT®",Lime Green
Kawasaki,kx,full-size-cross-country,kx-450x,2025,kx450x,"4-stroke, single-cylinder, DOHC, liquid-cooled",449cc,96.0 x 62.1mm,12.5:1,,,DFI® with 44mm Keihin throttle body,Digital CDI with handlebar-controlled power modes,"5-speed, return shift, with wet multi-disc manual clutch and hydraulic clutch actuation",Chain,"Power Modes, Kawasaki TRaction Control (KTRC), Launch Control Mode",49mm Showa inverted telescopic coil-spring fork with 21-way adjustable compression and 22-way adjustable rebound damping/12.0 in,"Uni-Trak® gas charged shock with piggyback reservoir with adjustable dual-range compression damping (19-way low speed and 4.25 turn stepless high speed), 23-way adjustable rebound damping and stepless adjustable preload/12.1 in",80/100-21,120/80-18,Single semi-floating 270mm Braking/Sunstar petal disc with Brembo master cylinder and dual-piston caliper,Single 240mm Braking/Sunstar petal disc with single-piston caliper,Aluminum perimeter,27.0°/4.6 in,85.6 in,32.1 in,49.6 in,13.2 in,37.4 in,,239.8 lb* without fuel / 249.9 lb*,1.64 gal,58.3 in,"Smartphone Connectivity via RIDEOLOGY THE APP KX™, ERGO-FIT®",Lime Green
